id;document_number;first_name;second_name;first_last_name;second_last_name;document_type_id
1;31098;Marcella;payment;withdrawal COM;embrace Developer;1
2;84891;Noemi;Idaho compress Avon;system Small;Intelligent Outdoors;2
3;63641;Jarrell;Montana;Corporate Phased relationships;white Brand Money Market Account;3
4;69478;Caroline;Web virtual deposit;Squares mint green e-business;Ghana back-end National;4
5;31800;Sven;contextually-based;synergies copying;ability Hat Iraq;5
6;48482;Damaris;Concrete 24/7 Directives;sky blue;Kenyan Shilling robust;6
7;97178;Deontae;Exclusive Moroccan Dirham card;zero tolerance;mission-critical;7
8;97661;Jimmy;Small Plastic Pants Investor;Canadian Dollar;Berkshire Designer;8
9;24205;Larry;Handmade 24/7 Re-contextualized;web-enabled invoice withdrawal;bypassing optical;9
10;15071;Emmie;magenta Refined Rubber Gloves;red firewall open-source;deposit Sausages;10
